<?xml version="1.0" encoding="UTF-8" standalone="yes"?>
<contentHaul xmlns:a="http://www.appian.com/ae/types/2009">
    <versionUuid>_a-0000dfd8-6941-8000-9ba2-011c48011c48_181474</versionUuid>
    <rule>
        <name>VM3_GetAllEngine</name>
        <uuid>_a-0000def6-d094-8000-9ba2-011c48011c48_40454</uuid>
        <description>Returns all engine options for Vehicles</description>
        <parentUuid>ccdf69a9-4197-4d0b-bf3f-99bf3ad69a5b</parentUuid>
        <visibility>
            <advertise>false</advertise>
            <hierarchy>true</hierarchy>
            <indexable>true</indexable>
            <quota>false</quota>
            <searchable>true</searchable>
            <system>false</system>
            <unlogged>false</unlogged>
        </visibility>
        <definition>cast(
  'type!{urn:com:appian:types:VM3}VM3_Engine?list',
  #"SYSTEM_SYSRULES_queryEntity"(
    entity: #"_a-0000def6-d094-8000-9ba2-011c48011c48_40451",
    query: #"SYSTEM_SYSRULES_query"(
      pagingInfo: #"SYSTEM_SYSRULES_pagingInfo"(1, -1, #"SYSTEM_SYSRULES_sortInfo"("order", true))
    )
  ).data
)</definition>
        <preferredEditor>legacy</preferredEditor>
        <offlineEnabled>false</offlineEnabled>
    </rule>
    <roleMap public="false">
        <role inherit="true" allowForAll="false" name="readers">
            <users/>
            <groups/>
        </role>
        <role inherit="true" allowForAll="false" name="authors">
            <users/>
            <groups/>
        </role>
        <role inherit="true" allowForAll="false" name="administrators">
            <users/>
            <groups/>
        </role>
        <role inherit="false" allowForAll="false" name="denyReaders">
            <users/>
            <groups/>
        </role>
        <role inherit="false" allowForAll="false" name="denyAuthors">
            <users/>
            <groups/>
        </role>
        <role inherit="false" allowForAll="false" name="denyAdministrators">
            <users/>
            <groups/>
        </role>
    </roleMap>
    <history>
        <historyInfo versionUuid="_a-0000dfd8-6941-8000-9ba2-011c48011c48_181474"/>
    </history>
</contentHaul>
