<?xml version="1.0" encoding="UTF-8" standalone="yes"?>
<contentHaul xmlns:a="http://www.appian.com/ae/types/2009">
    <versionUuid>_a-0000dfd8-6941-8000-9ba2-011c48011c48_181469</versionUuid>
    <constant>
        <name>VM3_FIELD_NAMES</name>
        <uuid>_a-0000def6-d094-8000-9ba2-011c48011c48_40447</uuid>
        <description>Names of all the CDT fields we want to check for changes. Parallel to the FIELD_DISPLAY_NAMES and FIELD_TYPES constants.</description>
        <parentUuid>ccdf69a9-4197-4d0b-bf3f-99bf3ad69a5b</parentUuid>
        <visibility>
            <advertise>false</advertise>
            <hierarchy>true</hierarchy>
            <indexable>true</indexable>
            <quota>false</quota>
            <searchable>true</searchable>
            <system>false</system>
            <unlogged>false</unlogged>
        </visibility>
        <typedValue>
            <type>
                <name>Text?list</name>
                <namespace>http://www.appian.com/ae/types/2009</namespace>
            </type>
            <value>
                <el>vehicleName</el>
                <el>modelNumber</el>
                <el>engine</el>
            </value>
        </typedValue>
        <isEnvironmentSpecific>false</isEnvironmentSpecific>
    </constant>
    <roleMap public="false">
        <role inherit="true" allowForAll="false" name="readers">
            <users/>
            <groups/>
        </role>
        <role inherit="true" allowForAll="false" name="authors">
            <users/>
            <groups/>
        </role>
        <role inherit="true" allowForAll="false" name="administrators">
            <users/>
            <groups/>
        </role>
        <role inherit="false" allowForAll="false" name="denyReaders">
            <users/>
            <groups/>
        </role>
        <role inherit="false" allowForAll="false" name="denyAuthors">
            <users/>
            <groups/>
        </role>
        <role inherit="false" allowForAll="false" name="denyAdministrators">
            <users/>
            <groups/>
        </role>
    </roleMap>
    <history>
        <historyInfo versionUuid="_a-0000dfd8-6941-8000-9ba2-011c48011c48_181469"/>
    </history>
</contentHaul>
