<?xml version="1.0" encoding="UTF-8" standalone="yes"?>
<contentHaul xmlns:a="http://www.appian.com/ae/types/2009">
    <versionUuid>_a-0000dfd8-6941-8000-9ba2-011c48011c48_181523</versionUuid>
    <rule>
        <name>VM3_AllVehicles</name>
        <uuid>_a-0000def6-d094-8000-9ba2-011c48011c48_40437</uuid>
        <description>Report on all Vehicles</description>
        <parentUuid>ccdf69a9-4197-4d0b-bf3f-99bf3ad69a5b</parentUuid>
        <visibility>
            <advertise>false</advertise>
            <hierarchy>true</hierarchy>
            <indexable>true</indexable>
            <quota>false</quota>
            <searchable>true</searchable>
            <system>false</system>
            <unlogged>false</unlogged>
        </visibility>
        <definition>load(
  /* Search terms and filters */
  local!searchTerm,
  local!creator,
  local!creationMonth,
  local!statusFilter,
  local!priorityFilter,
  local!pagingInfo: #"SYSTEM_SYSRULES_pagingInfo"(1, 50, #"SYSTEM_SYSRULES_sortInfo"("createdOn", false)),
  /* Data for the top creators chart. Returns the number *
   * of records entered by each of the top 5 users       */
  local!creatorDatasubset: #"SYSTEM_SYSRULES_queryEntity"(
    entity: #"8c06bb5f-71b6-42c9-b19b-c906328b1893_MAINDSECONSTANT",
    query: #"SYSTEM_SYSRULES_query"(
      aggregation: #"SYSTEM_SYSRULES_queryAggregation"(
        aggregationColumns: {
          #"SYSTEM_SYSRULES_queryAggregationColumn"(field: "createdBy", isGrouping: true),
          #"SYSTEM_SYSRULES_queryAggregationColumn"(field: "id", aggregationFunction: "COUNT"),
        }
      ),
      pagingInfo: #"SYSTEM_SYSRULES_pagingInfo"(1, 5, #"SYSTEM_SYSRULES_sortInfo"("id", false))
    )
  ),
  /* Raw data for the number of records by month chart.  *
   * Returns the creation date for each record so that   *
   * they can be grouped by month in a later step        */
  local!recordsbyMonthDatasubset: #"SYSTEM_SYSRULES_queryEntity"(
    entity: #"8c06bb5f-71b6-42c9-b19b-c906328b1893_MAINDSECONSTANT",
    query: #"SYSTEM_SYSRULES_query"(
      selection: #"SYSTEM_SYSRULES_querySelection"(
        columns: {
          #"SYSTEM_SYSRULES_queryColumn"(field: "createdOn"),
          #"SYSTEM_SYSRULES_queryColumn"(field: "id")
        }
      ),
      pagingInfo: #"SYSTEM_SYSRULES_pagingInfo"(1, -1)
    )
  ),
  
  
  with(
    /* Data that will be displayed in the grid given the *
     * current search terms and applied filters          */
    local!datasubset: #"SYSTEM_SYSRULES_queryEntity"(
      entity: #"8c06bb5f-71b6-42c9-b19b-c906328b1893_MAINDSECONSTANT",
      query: #"SYSTEM_SYSRULES_query"(
        selection: #"SYSTEM_SYSRULES_querySelection"(
          columns: {
            #"SYSTEM_SYSRULES_queryColumn"(field: "id"),
            #"SYSTEM_SYSRULES_queryColumn"(field: "vehicleName"),
            #"SYSTEM_SYSRULES_queryColumn"(field: "modelNumber"),
            #"SYSTEM_SYSRULES_queryColumn"(field: "engine")
          }
        ),
        logicalExpression: if(
          and(isnull(local!searchTerm), isnull(local!creator), isnull(local!creationMonth), isnull(local!statusFilter), isnull(local!priorityFilter)),
          /* If no search or filters have been used, don't filter the data in the query */
          null,
          #"SYSTEM_SYSRULES_queryLogicalExpression"(
            operator: "AND",
            logicalExpressions: if(
              isnull(local!searchTerm),
              {},
              #"SYSTEM_SYSRULES_queryLogicalExpression"(
                operator: "OR",
                filters: {
                  #"SYSTEM_SYSRULES_queryFilter"(field: "vehicleName", operator: "includes", value: local!searchTerm),
                  #"SYSTEM_SYSRULES_queryFilter"(field: "modelNumber", operator: "includes", value: local!searchTerm),
                  #"SYSTEM_SYSRULES_queryFilter"(field: "engine.value", operator: "includes", value: local!searchTerm)
                }
              )
            ),
            filters: {
              if(
                isnull(local!creator),
                null,
                #"SYSTEM_SYSRULES_queryFilter"(field: "createdBy", operator: "=", value: local!creator)
              ),
              if(
                isnull(local!creationMonth),
                null,
                #"SYSTEM_SYSRULES_queryFilter"(
                  field: "createdOn",
                  operator: "between",
                  value: {
                    todatetime(eomonth(today(), local!creationMonth-1)+1),
                    todatetime(eomonth(today(), local!creationMonth))
                  }
                )
              ),
              
              
            }
          )
        ),
        pagingInfo: local!pagingInfo
      )
    ),
    /* Returns the number of records entered by month */
    local!recordsByMonth: #"_a-0000def6-d094-8000-9ba2-011c48011c48_40412"(local!recordsByMonthDatasubset),
    #"SYSTEM_SYSRULES_dashboardLayout_v1"(
      contents: {
        if(
          and(
            local!datasubset.totalCount = 0,
            isnull(local!searchTerm),
            isnull(local!creator),
            isnull(local!creationMonth),
            isnull(local!statusFilter),
            isnull(local!priorityFilter)
          ),
          #"SYSTEM_SYSRULES_richTextDisplayField"(
            labelPosition: "COLLAPSED",
            align: "CENTER",
            value: {
              #"SYSTEM_SYSRULES_richTextItem"(
                text: "





No one has created any " &amp; "Vehicles" &amp; " yet",
                style: "HEADER_MEDIUM"
              ),
              #"SYSTEM_SYSRULES_richTextItem"(
                text: "As entries are created, statistics and details about them will appear here"
              )
            }
          ),
          {
            #"SYSTEM_SYSRULES_sectionLayout_v1"(
              label: "Vehicle Statistics",
              contents: #"SYSTEM_SYSRULES_columnsLayout"(
                columns: {
                  #"SYSTEM_SYSRULES_columnLayout"(
                    contents: {
                      #"SYSTEM_SYSRULES_columnChartField"(
                        label: "Top Vehicle Creators",
                        showLegend: false,
                        categories: if(
                          local!creatorDatasubset.totalCount=0,
                          {},
                          #"SYSTEM_SYSRULES_forEach"(
                            items: index(local!creatorDatasubset.data, "createdBy", null),
                            expression: #"4232b83a-1806-41d3-b693-d4edd01ecc1c_FORMATNAME"(fv!item)
                          )
                        ),
                        series: #"SYSTEM_SYSRULES_chartSeries"(
                          label: "Vehicles Created",
                          data: index(local!creatorDatasubset.data, "id", null),
                          links: if(
                            local!creatorDatasubset.totalCount=0,
                            {},
                            #"SYSTEM_SYSRULES_forEach"(
                              items: index(local!creatorDatasubset.data, "createdBy", null),
                              expression: #"SYSTEM_SYSRULES_dynamicLink"(
                                value: fv!item,
                                saveInto: {
                                  local!creator,
                                  a!save(local!pagingInfo.startIndex, 1)
                                }
                              )
                            )
                          )
                        )
                      ),
                      #"SYSTEM_SYSRULES_lineChartField"(
                        label: "Recent Vehicles By Month",
                        categories: local!recordsByMonth.month,
                        showLegend: false,
                        series: #"SYSTEM_SYSRULES_chartSeries"(
                          label: "Vehicle Count",
                          data: local!recordsByMonth.count,
                          links: #"SYSTEM_SYSRULES_forEach"(
                            /* When the user filters by creation month, save the offset *
                             * between the selected month and the current month         */
                            items: 0-(5-enumerate(length(local!recordsByMonth.month))),
                            expression: #"SYSTEM_SYSRULES_dynamicLink"(
                              value: fv!item,
                              saveInto: {
                                local!creationMonth,
                                a!save(local!pagingInfo.startIndex, 1)
                              }
                            )
                          )
                        )
                      )
                    }
                  ),
                  #"SYSTEM_SYSRULES_columnLayout"(
                    contents: {
                      
                      
                    }
                  )
                }
              )
            ),
            #"SYSTEM_SYSRULES_sectionLayout_v1"(
              label: "Vehicle Details",
              contents: #"SYSTEM_SYSRULES_columnsLayout"(
                columns: {
                  #"SYSTEM_SYSRULES_columnLayout"(
                    contents: {
                      #"SYSTEM_SYSRULES_textField"(
                        labelPosition: "COLLAPSED",
                        placeholder: "Search record fields",
                        value: local!searchTerm,
                        saveInto: {
                          local!searchTerm,
                          a!save(local!pagingInfo.startIndex, 1)
                        },
                        refreshAfter: "KEYPRESS"
                      )
                    }
                  ),
                  #"SYSTEM_SYSRULES_columnLayout"(
                    contents: {
                      #"_a-0000def6-d094-8000-9ba2-011c48011c48_40431"(
                        creator: local!creator,
                        creationTime: local!creationMonth,
                        status: local!statusFilter,
                        priority: local!priorityFilter,
                        searchTerm: local!searchTerm,
                        pagingInfo: local!pagingInfo
                      )
                    }
                  )
                }
              ) 
            ),
            #"SYSTEM_SYSRULES_sectionLayout_v1"(
              contents: {
                #"SYSTEM_SYSRULES_gridField"(
                  totalCount: local!datasubset.totalCount,
                  emptyGridMessage: "No Vehicles available",
                  columns: {
                    #"SYSTEM_SYSRULES_gridTextColumn"(
                      label: "Vehicle Name",
                      field: "vehicleName",
                      data: index(local!datasubset.data, "vehicleName", null),
                      links: #"SYSTEM_SYSRULES_forEach"(
                        items: local!datasubset,
                        expression: #"SYSTEM_SYSRULES_recordLink"(
                          label: index(fv!item, "vehicleName", null),
                          recordType: #"_a-0000def6-d094-8000-9ba2-011c48011c48_40408",
                          identifier: index(fv!item, "id", null)
                        )
                      )
                    ),
                    #"SYSTEM_SYSRULES_gridTextColumn"(
                      label: "Model Number",
                      field: "modelNumber",
                      data: index(local!datasubset.data, "modelNumber", null)
                    ),
                    #"SYSTEM_SYSRULES_gridTextColumn"(
                      label: "Engine",
                      field: "engine.value",
                      data: index(index(local!datasubset.data, "engine", null), "value", null)
                    )
                  },
                  value: local!pagingInfo,
                  /* We check for a null sort field, and ignore the save if it is null. *
                   * This would most likely happen by a user clicking on a multi-select *
                   * column, which does not have a sort field defined. Since that click *
                   * would only set a single sort, we index into the first sort field. */
                  saveInto: {
                    a!save(
                      local!pagingInfo,
                      if(
                        /* We check specifically if the whole sort is null because the grid *
                         * will null out the sort if it is paged while the sort field is not *
                         * represented in the grid. */
                        or(
                          isnull(index(save!value.sort, 1, null)),
                          not(isnull(index(index(save!value.sort, 1, null), "field", null)))
                        ),
                        save!value,
                        local!pagingInfo
                      )
                    )
                  }
                )
              }
            )
          }
        )
      }
    )
  )
)</definition>
        <preferredEditor>interface</preferredEditor>
        <offlineEnabled>false</offlineEnabled>
    </rule>
    <roleMap public="true">
        <role inherit="true" allowForAll="false" name="readers">
            <users/>
            <groups/>
        </role>
        <role inherit="true" allowForAll="false" name="authors">
            <users/>
            <groups/>
        </role>
        <role inherit="true" allowForAll="false" name="administrators">
            <users/>
            <groups/>
        </role>
        <role inherit="false" allowForAll="false" name="denyReaders">
            <users/>
            <groups/>
        </role>
        <role inherit="false" allowForAll="false" name="denyAuthors">
            <users/>
            <groups/>
        </role>
        <role inherit="false" allowForAll="false" name="denyAdministrators">
            <users/>
            <groups/>
        </role>
    </roleMap>
    <history>
        <historyInfo versionUuid="_a-0000dfd8-6941-8000-9ba2-011c48011c48_181523"/>
    </history>
</contentHaul>
