<?xml version="1.0" encoding="UTF-8" standalone="yes"?>
<contentHaul xmlns:a="http://www.appian.com/ae/types/2009">
    <versionUuid>_a-0000dfd8-6941-8000-9ba2-011c48011c48_181499</versionUuid>
    <rule>
        <name>VM3_GetVehicleById</name>
        <uuid>b3d215d6-f546-4e63-9aba-d1493bc9990d_GETONERECORD</uuid>
        <description>Returns the Vehicle that matches the passed id</description>
        <parentUuid>ccdf69a9-4197-4d0b-bf3f-99bf3ad69a5b</parentUuid>
        <visibility>
            <advertise>false</advertise>
            <hierarchy>true</hierarchy>
            <indexable>true</indexable>
            <quota>false</quota>
            <searchable>true</searchable>
            <system>false</system>
            <unlogged>false</unlogged>
        </visibility>
        <definition>cast(
  'type!{urn:com:appian:types:VM3}VM3_Vehicle',
  #"SYSTEM_SYSRULES_queryEntity"(
    entity: #"8c06bb5f-71b6-42c9-b19b-c906328b1893_MAINDSECONSTANT",
    query: #"SYSTEM_SYSRULES_query"(
      filter: #"SYSTEM_SYSRULES_queryFilter"(
        field: "id",
        operator: "=",
        value: ri!id
      ),
      pagingInfo: #"SYSTEM_SYSRULES_pagingInfo"(1, 1)
    )
  ).data
)</definition>
        <namedTypedValue>
            <name>id</name>
            <type>
                <name>int</name>
                <namespace>http://www.w3.org/2001/XMLSchema</namespace>
            </type>
        </namedTypedValue>
        <preferredEditor>legacy</preferredEditor>
        <offlineEnabled>false</offlineEnabled>
    </rule>
    <roleMap public="true">
        <role inherit="true" allowForAll="false" name="readers">
            <users/>
            <groups/>
        </role>
        <role inherit="true" allowForAll="false" name="authors">
            <users/>
            <groups/>
        </role>
        <role inherit="true" allowForAll="false" name="administrators">
            <users/>
            <groups/>
        </role>
        <role inherit="false" allowForAll="false" name="denyReaders">
            <users/>
            <groups/>
        </role>
        <role inherit="false" allowForAll="false" name="denyAuthors">
            <users/>
            <groups/>
        </role>
        <role inherit="false" allowForAll="false" name="denyAdministrators">
            <users/>
            <groups/>
        </role>
    </roleMap>
    <history>
        <historyInfo versionUuid="_a-0000dfd8-6941-8000-9ba2-011c48011c48_181499"/>
    </history>
</contentHaul>
