<?xml version="1.0" encoding="UTF-8" standalone="yes"?>
<contentHaul xmlns:a="http://www.appian.com/ae/types/2009">
    <versionUuid>_a-0000dfd8-6941-8000-9ba2-011c48011c48_181489</versionUuid>
    <rule>
        <name>VM3_CreateActivityCDT</name>
        <uuid>bc8ab66e-5700-46a0-a28e-8a10d4a585d2_MAKEACTIVITYCDT</uuid>
        <description>Constructs the activity CDT based on inputs</description>
        <parentUuid>ccdf69a9-4197-4d0b-bf3f-99bf3ad69a5b</parentUuid>
        <visibility>
            <advertise>false</advertise>
            <hierarchy>true</hierarchy>
            <indexable>true</indexable>
            <quota>false</quota>
            <searchable>true</searchable>
            <system>false</system>
            <unlogged>false</unlogged>
        </visibility>
        <definition>'type!{urn:com:appian:types:VM3}VM3_Activity'(
  recordId: ri!recordId,
  who: ri!who,
  action: ri!action,
  /* Use a different Details pattern for each type of activity */
  details:if(
    ri!action = #"_a-0000def6-d094-8000-9ba2-011c48011c48_40402",
    "To: " &amp; #"4232b83a-1806-41d3-b693-d4edd01ecc1c_FORMATNAME"(ri!taskAssignee) &amp; char(10) &amp; "Details: " &amp; ri!taskDetails &amp; if(
      isnull(ri!taskDeadline),
      "",
      char(10) &amp; "Deadline: " &amp; ri!taskDeadline
    ),
    if(
      or(ri!action = #"7568ffca-9dba-4509-9110-e5ec08377693_ACTIONCOMPLETED", ri!action = #"39a3adb0-2db7-4fa0-8ac8-aa02f17c4a17_ACTIONSKIPPED"),
      "From: " &amp; #"4232b83a-1806-41d3-b693-d4edd01ecc1c_FORMATNAME"(ri!taskAssigner) &amp; char(10) &amp; if(isnull(ri!comments), "(No Comments)", "Comments: " &amp; ri!comments),
      if(
        ri!action = #"_a-0000def6-d094-8000-9ba2-011c48011c48_40401",
        "Message: " &amp; ri!message &amp; if(not(isnull(ri!attachment)), char(10) &amp; "Attachment: " &amp; #"_a-0000def6-d094-8000-9ba2-011c48011c48_40416"(ri!attachment), ""),
        if(
          or(ri!action = #"_a-0000def6-d094-8000-9ba2-011c48011c48_40400", ri!action = #"_a-0000def6-d094-8000-9ba2-011c48011c48_40404"),
          #"_a-0000def6-d094-8000-9ba2-011c48011c48_40426"(ri!oldCDT, ri!newCDT, #"_a-0000def6-d094-8000-9ba2-011c48011c48_40447", #"_a-0000def6-d094-8000-9ba2-011c48011c48_40446", #"_a-0000def6-d094-8000-9ba2-011c48011c48_40448") &amp;
            if(
              or(isnull(ri!newDocs), count(ri!newDocs)=0),
              "",
              "Attached Files: " &amp; joinarray(apply(#"_a-0000def6-d094-8000-9ba2-011c48011c48_40416", ri!newDocs), ", ") &amp; char(10)
            ) &amp;
            if(or(isnull(ri!deletedDocs), count(ri!deletedDocs)=0),
              "",
              "Deleted Files: " &amp; joinarray(apply(#"_a-0000def6-d094-8000-9ba2-011c48011c48_40416", ri!deletedDocs), ", ")
            ),
          "no activity found"
        )
      )
    )
  ),
  when: now()
)</definition>
        <namedTypedValue>
            <name>recordId</name>
            <type>
                <name>int</name>
                <namespace>http://www.w3.org/2001/XMLSchema</namespace>
            </type>
        </namedTypedValue>
        <namedTypedValue>
            <name>who</name>
            <type>
                <name>User</name>
                <namespace>http://www.appian.com/ae/types/2009</namespace>
            </type>
        </namedTypedValue>
        <namedTypedValue>
            <name>action</name>
            <type>
                <name>string</name>
                <namespace>http://www.w3.org/2001/XMLSchema</namespace>
            </type>
            <value/>
        </namedTypedValue>
        <namedTypedValue>
            <name>taskAssignee</name>
            <type>
                <name>User</name>
                <namespace>http://www.appian.com/ae/types/2009</namespace>
            </type>
        </namedTypedValue>
        <namedTypedValue>
            <name>taskAssigner</name>
            <type>
                <name>User</name>
                <namespace>http://www.appian.com/ae/types/2009</namespace>
            </type>
        </namedTypedValue>
        <namedTypedValue>
            <name>taskDetails</name>
            <type>
                <name>string</name>
                <namespace>http://www.w3.org/2001/XMLSchema</namespace>
            </type>
            <value/>
        </namedTypedValue>
        <namedTypedValue>
            <name>taskDeadline</name>
            <type>
                <name>dateTime</name>
                <namespace>http://www.w3.org/2001/XMLSchema</namespace>
            </type>
        </namedTypedValue>
        <namedTypedValue>
            <name>comments</name>
            <type>
                <name>string</name>
                <namespace>http://www.w3.org/2001/XMLSchema</namespace>
            </type>
            <value/>
        </namedTypedValue>
        <namedTypedValue>
            <name>message</name>
            <type>
                <name>string</name>
                <namespace>http://www.w3.org/2001/XMLSchema</namespace>
            </type>
            <value/>
        </namedTypedValue>
        <namedTypedValue>
            <name>attachment</name>
            <type>
                <name>CollaborationDocument</name>
                <namespace>http://www.appian.com/ae/types/2009</namespace>
            </type>
        </namedTypedValue>
        <namedTypedValue>
            <name>oldCDT</name>
            <type>
                <name>VM3_Vehicle</name>
                <namespace>urn:com:appian:types:VM3</namespace>
            </type>
        </namedTypedValue>
        <namedTypedValue>
            <name>newCDT</name>
            <type>
                <name>VM3_Vehicle</name>
                <namespace>urn:com:appian:types:VM3</namespace>
            </type>
        </namedTypedValue>
        <namedTypedValue>
            <name>newDocs</name>
            <type>
                <name>CollaborationDocument?list</name>
                <namespace>http://www.appian.com/ae/types/2009</namespace>
            </type>
        </namedTypedValue>
        <namedTypedValue>
            <name>deletedDocs</name>
            <type>
                <name>CollaborationDocument?list</name>
                <namespace>http://www.appian.com/ae/types/2009</namespace>
            </type>
        </namedTypedValue>
        <preferredEditor>legacy</preferredEditor>
        <offlineEnabled>false</offlineEnabled>
    </rule>
    <roleMap public="true">
        <role inherit="true" allowForAll="false" name="readers">
            <users/>
            <groups/>
        </role>
        <role inherit="true" allowForAll="false" name="authors">
            <users/>
            <groups/>
        </role>
        <role inherit="true" allowForAll="false" name="administrators">
            <users/>
            <groups/>
        </role>
        <role inherit="false" allowForAll="false" name="denyReaders">
            <users/>
            <groups/>
        </role>
        <role inherit="false" allowForAll="false" name="denyAuthors">
            <users/>
            <groups/>
        </role>
        <role inherit="false" allowForAll="false" name="denyAdministrators">
            <users/>
            <groups/>
        </role>
    </roleMap>
    <history>
        <historyInfo versionUuid="_a-0000dfd8-6941-8000-9ba2-011c48011c48_181489"/>
    </history>
</contentHaul>
