<?xml version="1.0" encoding="UTF-8" standalone="yes"?>
<processModelFolderHaul xmlns:a="http://www.appian.com/ae/types/2009">
    <versionUuid>_g-0000dfd8-693e-8000-f92f-7f0000014e7a_54</versionUuid>
    <processModelFolder>
        <name>VM3 Models</name>
        <uuid>9cd6ed26-72cf-435c-adb9-34c2c0b9b9d3</uuid>
        <description>Process models for the Vehicle Management application</description>
    </processModelFolder>
    <roleMap>
        <role name="ADMIN_OWNER">
            <users/>
            <groups>
                <groupUuid>_e-0000def6-d077-8000-9aee-01075c01075c_91</groupUuid>
            </groups>
        </role>
        <role name="EDITOR">
            <users/>
            <groups/>
        </role>
        <role name="EXPLICIT_NONMEMBER">
            <users/>
            <groups/>
        </role>
        <role name="VIEWER">
            <users/>
            <groups/>
        </role>
        <role name="MANAGER">
            <users/>
            <groups/>
        </role>
        <role name="INITIATOR">
            <users/>
            <groups/>
        </role>
    </roleMap>
    <history>
        <historyInfo versionUuid="_g-0000dfd8-693e-8000-f92f-7f0000014e7a_54"/>
    </history>
</processModelFolderHaul>
