<?xml version="1.0" encoding="UTF-8" standalone="yes"?>
<tempoReportHaul xmlns:a="http://www.appian.com/ae/types/2009">
    <versionUuid>522392df-1e1f-46b0-9472-01ef18c4af50</versionUuid>
    <tempoReport a:uuid="f4f9d0b6-d8ac-4ff6-9367-a14faaae7748" name="Vehicles">
        <a:description>Aggregated information and metrics on Vehicles</a:description>
        <a:uiExpr>=#"_a-0000def6-d094-8000-9ba2-011c48011c48_40437"()</a:uiExpr>
        <a:urlStub>GHSkkQ</a:urlStub>
    </tempoReport>
    <roleMap>
        <role name="report_administrator">
            <users/>
            <groups>
                <groupUuid>_e-0000def6-d077-8000-9aee-01075c01075c_91</groupUuid>
            </groups>
        </role>
    </roleMap>
    <history>
        <historyInfo versionUuid="522392df-1e1f-46b0-9472-01ef18c4af50"/>
    </history>
</tempoReportHaul>
