<?xml version="1.0" encoding="UTF-8" standalone="yes"?>
<tempoFeedHaul xmlns:a="http://www.appian.com/ae/types/2009">
    <versionUuid>23e68a0a-1229-4999-a897-874339c99ac6</versionUuid>
    <tempoFeed>
        <uuid>9de2c815-1538-40fd-84ca-a518bbd089ad</uuid>
        <name>Vehicle Management</name>
        <description>Feed for updates about Vehicles</description>
        <showInCatalog>true</showInCatalog>
        <systemFeed>false</systemFeed>
    </tempoFeed>
    <roleMap>
        <role name="administrator">
            <users/>
            <groups>
                <groupUuid>_e-0000def6-d077-8000-9aee-01075c01075c_91</groupUuid>
            </groups>
        </role>
    </roleMap>
    <history>
        <historyInfo versionUuid="23e68a0a-1229-4999-a897-874339c99ac6"/>
    </history>
</tempoFeedHaul>
